Nid,Cid,Pid,Form_key,Name,Type,Value,Required,Weight,Select,
3221,1,0,name,Name,textfield,,0,0,,
3221,2,0,e_mail_address,"E-mail Address",email,,0,1,,
3221,3,0,message,Message,textarea,,0,2,,
3221,4,0,uinumbers,"Phone Numbers",number,,0,1,,
3221,5,0,new_select,"Select list Test",select,1,0,2,"1|one
2|two
3|three",
3222,1,0,name,Name,textfield,,0,0,,
3222,2,0,e_mail_address,"E-mail Address",email,,0,1,,
3222,3,0,message,Message,textarea,,0,2,,
3222,4,0,uinumbers,"Phone Numbers",number,,0,1,,
3222,5,0,new_select,"Select list Test",select,1,0,2,"1|one
2|two
3|three",
3223,1,0,name,Name,textfield,,0,0,,
3223,2,0,e_mail_address,"E-mail Address",email,,0,1,,
3223,3,0,message,Message,textarea,,0,2,,
3223,4,0,uinumbers,"Phone Numbers",number,,0,1,,
3223,5,0,new_select,"Select list Test",select,1,0,2,"1|one
2|two
3|three",
3224,1,0,name,Name,textfield,,0,0,,
3224,2,0,e_mail_address,"E-mail Address",email,,0,1,,
3224,3,0,message,Message,textarea,,0,2,,
3224,4,0,uinumbers,"Phone Numbers",number,,0,1,,
3224,5,0,new_select,"Select list Test",select,1,0,2,"1|one
2|two
3|three",
3225,1,0,name,Name,textfield,,0,0,,
3225,2,0,e_mail_address,"E-mail Address",email,,0,1,,
3225,3,0,message,Message,textarea,,0,2,,
3225,4,0,uinumbers,"Phone Numbers",number,,0,1,,
3225,5,0,new_select,"Select list Test",select,1,0,2,"1|one
2|two
3|three",
3226,1,0,name,Name,textfield,,0,0,,
3226,2,0,e_mail_address,"E-mail Address",email,,0,1,,
3226,3,0,message,Message,textarea,,0,2,,
3226,4,0,uinumbers,"Phone Numbers",number,,0,1,,
3226,5,0,new_select,"Select list Test",select,1,0,2,"1|one
2|two
3|three",
3227,1,0,name,Name,textfield,,0,0,,
3227,2,0,e_mail_address,"E-mail Address",email,,0,1,,
3227,3,0,message,Message,textarea,,0,2,,
3227,4,0,uinumbers,"Phone Numbers",number,,0,1,,
3227,5,0,new_select,"Select list Test",select,1,0,2,"1|one
2|two
3|three",
3228,1,0,name,Name,textfield,,0,0,,
3228,2,0,e_mail_address,"E-mail Address",email,,0,1,,
3228,3,0,message,Message,textarea,,0,2,,
3228,4,0,uinumbers,"Phone Numbers",number,,0,1,,
3228,5,0,new_select,"Select list Test",select,1,0,2,"1|one
2|two
3|three",
3229,1,0,name,Name,textfield,,0,0,,
3229,2,0,e_mail_address,"E-mail Address",email,,0,1,,
3229,3,0,message,Message,textarea,,0,2,,
3229,4,0,uinumbers,"Phone Numbers",number,,0,1,,
3229,5,0,new_select,"Select list Test",select,1,0,2,"1|one
2|two
3|three",
3230,1,0,name,Name,textfield,,0,0,,
3230,2,0,e_mail_address,"E-mail Address",email,,0,1,,
3230,3,0,message,Message,textarea,,0,2,,
3230,4,0,uinumbers,"Phone Numbers",number,,0,1,,
3230,5,0,new_select,"Select list Test",select,1,0,2,"1|one
2|two
3|three",
3231,1,0,name,Name,textfield,,0,0,,
3231,2,0,e_mail_address,"E-mail Address",email,,0,1,,
3231,3,0,message,"Message to department",textarea,,0,2,,
3231,4,0,uinumbers,"Phone Numbers",number,,0,1,,
3231,5,0,new_select,"Select list Test",select,1,0,2,"1|one
2|two
3|three",
3232,1,0,name,Name,textfield,,0,0,,
3232,2,0,e_mail_address,"E-mail Address",email,,0,1,,
3232,3,0,message,Message,textarea,,0,2,,
3232,4,0,uinumbers,"Phone Numbers",number,,0,1,,
3232,5,0,new_select,"Select list Test",select,1,0,2,"1|one
2|two
3|three",
3233,1,0,name,Name,textfield,,0,0,,
3233,2,0,e_mail_address,"E-mail Address",email,,0,2,,
3233,3,0,message,Message,textarea,,0,8,,
3233,4,0,uinumbers,"Phone Numbers",number,,0,1,,
3233,5,0,new_select,"Reason for Contact",select,1,0,7,"1|New patient
2|Cost
3|Directions",
3233,6,0,stree_address,"Street Address",textfield,,0,3,,
3233,7,0,city,City,textfield,,0,4,,
3233,8,0,state,State,textfield,,0,5,,
3233,9,0,zip_code,"ZIP Code",number,,0,6,,
